id,WattHour
15001,90
15002,90
15003,90
15004,90
15005,80
15006,80
15007,80
15008,80
15009,80
15010,80
15011,80
15012,70
15013,70
15014,70
15015,70
15016,70
15017,70
15018,70
15019,50
15020,50
15021,50
15022,50
15023,50
15024,50
15025,50
15026,50
15027,50
15028,50
15029,50
15030,50
15031,50
15032,50
15033,50
15034,50
15035,50
15036,50
15037,50
15038,50
15039,50
15040,50
15041,50
15042,50
15043,50
15044,50
15045,50
15046,50
15047,50
15048,50
15049,50
15050,50
15051,50
15052,50
15053,50
15054,50
15055,50
15056,60
15057,50
15058,50
15059,50
15060,60
15061,80
15062,60
15063,70
15064,100
15065,90
15066,110
15067,100
15068,110
15069,110
15070,100
15071,110
15072,110
15073,120
15074,110
15075,110
15076,110
15077,110
15078,120
15079,120
15080,120
15081,120
15082,120
15083,120
15084,120
15085,120
15086,120
15087,120
15088,120
15089,110
15090,110
15091,120
15092,120
15093,110
15094,120
15095,110
15096,120
15097,110
15098,110
15099,110
15100,110
15101,110
15102,110
15103,110
15104,110
15105,110
15106,110
15107,110
15108,100
15109,100
15110,100
15111,100
15112,100
15113,100
15114,100
15115,110
15116,110
15117,110
15118,110
15119,120
15120,120
15121,160
15122,160
15123,150
15124,160
15125,150
15126,140
15127,140
15128,140
15129,150
15130,150
15131,140
15132,140
15133,130
15134,130
15135,130
15136,120
15137,120
15138,110
15139,100
15140,100
15141,100
15142,100
15143,90
15144,90
15145,90
15146,90
15147,90
15148,80
15149,80
15150,80
15151,80
15152,80
15153,80
15154,80
15155,80
15156,80
15157,80
15158,80
15159,70
15160,80
15161,70
15162,70
15163,50
15164,50
15165,50
15166,50
15167,50
15168,50
15169,50
15170,50
15171,50
15172,50
15173,50
15174,50
15175,50
15176,50
15177,50
15178,50
15179,50
15180,50
15181,50
15182,50
15183,50
15184,50
15185,50
15186,50
15187,50
15188,50
15189,50
15190,50
15191,50
15192,50
15193,50
15194,50
15195,50
15196,50
15197,50
15198,50
15199,50
15200,50
15201,50
15202,70
15203,50
15204,60
15205,60
15206,60
15207,60
15208,70
15209,70
15210,80
15211,80
15212,80
15213,90
15214,90
15215,90
15216,100
15217,100
15218,100
15219,100
15220,110
15221,110
15222,110
15223,110
15224,110
15225,110
15226,110
15227,110
15228,110
15229,110
15230,110
15231,110
15232,110
15233,110
15234,110
15235,110
15236,110
15237,110
15238,110
15239,110
15240,110
15241,110
15242,110
15243,110
15244,110
15245,110
15246,110
15247,100
15248,100
15249,100
15250,100
15251,100
15252,100
15253,100
15254,100
15255,100
15256,100
15257,110
15258,110
15259,110
15260,110
15261,110
15262,120
15263,120
15264,120
15265,130
15266,130
15267,130
15268,130
15269,140
15270,140
15271,140
15272,140
15273,140
15274,140
15275,140
15276,140
15277,130
15278,130
15279,130
15280,120
15281,120
15282,110
15283,110
15284,110
15285,100
15286,100
15287,90
15288,90
15289,90
15290,90
15291,80
15292,80
15293,80
15294,80
15295,80
15296,80
15297,80
15298,70
15299,70
15300,70
15301,70
15302,70
15303,70
15304,70
15305,70
15306,70
15307,50
15308,50
15309,50
15310,50
15311,50
15312,50
15313,50
15314,50
15315,50
15316,50
15317,50
15318,50
15319,50
15320,50
15321,50
15322,50
15323,50
15324,50
15325,50
15326,50
15327,50
15328,50
15329,50
15330,50
15331,50
15332,50
15333,50
15334,50
15335,50
15336,50
15337,50
15338,50
15339,50
15340,50
15341,50
15342,50
15343,50
15344,50
15345,60
15346,50
15347,50
15348,70
15349,90
15350,80
15351,110
15352,100
15353,110
15354,100
15355,120
15356,120
15357,110
15358,120
15359,120
15360,110
15361,120
15362,120
15363,110
15364,120
15365,110
15366,110
15367,120
15368,120
15369,120
15370,120
15371,110
15372,110
15373,120
15374,110
15375,110
15376,120
15377,110
15378,110
15379,110
15380,110
15381,110
15382,110
15383,110
15384,110
15385,110
15386,110
15387,110
15388,110
15389,110
15390,110
15391,110
15392,100
15393,100
15394,100
15395,100
15396,100
15397,100
15398,100
15399,100
15400,100
15401,100
15402,110
15403,110
15404,110
15405,110
15406,110
15407,120
15408,120
15409,120
15410,130
15411,130
15412,130
15413,140
15414,140
15415,140
15416,140
15417,140
15418,150
15419,140
15420,140
15421,140
15422,130
15423,130
15424,120
15425,120
15426,120
15427,110
15428,110
15429,100
15430,100
15431,100
15432,90
15433,90
15434,90
15435,90
15436,80
15437,80
15438,80
15439,80
15440,80
15441,80
15442,80
15443,80
15444,80
15445,80
15446,80
15447,70
15448,80
15449,70
15450,70
15451,50
15452,50
15453,50
15454,50
15455,50
15456,50
15457,50
15458,50
15459,50
15460,50
15461,50
15462,50
15463,50
15464,50
15465,50
15466,50
15467,50
15468,50
15469,50
15470,50
15471,50
15472,50
15473,50
15474,50
15475,50
15476,50
15477,50
15478,50
15479,50
15480,50
15481,50
15482,50
15483,50
15484,50
15485,50
15486,50
15487,50
15488,50
15489,50
15490,50
15491,50
15492,50
15493,50
15494,60
15495,60
15496,70
15497,70
15498,80
15499,80
15500,90
15501,90
15502,90
15503,100
15504,100
15505,100
15506,100
15507,120
15508,110
15509,110
15510,120
15511,120
15512,120
15513,120
15514,120
15515,120
15516,120
15517,120
15518,120
15519,120
15520,110
15521,110
15522,110
15523,110
15524,110
15525,110
15526,110
15527,110
15528,110
15529,110
15530,110
15531,110
15532,110
15533,110
15534,110
15535,110
15536,100
15537,100
15538,100
15539,100
15540,100
15541,100
15542,100
15543,100
15544,100
15545,100
15546,110
15547,110
15548,110
15549,110
15550,120
15551,120
15552,120
15553,130
15554,130
15555,130
15556,140
15557,140
15558,140
15559,140
15560,140
15561,140
15562,140
15563,140
15564,140
15565,140
15566,140
15567,130
15568,130
15569,120
15570,120
15571,120
15572,110
15573,110
15574,100
15575,100
15576,100
15577,90
15578,90
15579,90
15580,90
15581,80
15582,80
15583,80
15584,80
15585,80
15586,80
15587,80
15588,70
15589,70
15590,70
15591,70
15592,70
15593,70
15594,70
15595,50
15596,50
15597,50
15598,50
15599,50
15600,50
15601,50
15602,50
15603,50
15604,50
15605,50
15606,50
15607,50
15608,50
15609,50
15610,50
15611,50
15612,50
15613,50
15614,50
15615,50
15616,50
15617,50
15618,50
15619,50
15620,50
15621,50
15622,50
15623,50
15624,50
15625,50
15626,50
15627,50
15628,50
15629,50
15630,50
15631,50
15632,50
15633,50
15634,50
15635,50
15636,50
15637,70
15638,60
15639,60
15640,70
15641,70
15642,70
15643,80
15644,80
15645,90
15646,90
15647,90
15648,90
15649,100
15650,100
15651,100
15652,100
15653,110
15654,110
15655,110
15656,110
15657,110
15658,110
15659,110
15660,110
15661,110
15662,110
15663,110
15664,110
15665,110
15666,110
15667,110
15668,110
15669,110
15670,110
15671,110
15672,110
15673,110
15674,110
15675,110
15676,110
15677,110
15678,110
15679,110
15680,100
15681,100
15682,100
15683,100
15684,100
15685,100
15686,100
15687,100
15688,100
15689,110
15690,110
15691,110
15692,110
15693,110
15694,120
15695,120
15696,120
15697,130
15698,130
15699,130
15700,140
15701,140
15702,170
15703,140
15704,150
15705,150
15706,140
15707,140
15708,140
15709,140
15710,130
15711,130
15712,130
15713,120
15714,120
15715,120
15716,110
15717,110
15718,100
15719,100
15720,100
15721,90
15722,90
15723,90
15724,90
15725,80
15726,80
15727,80
15728,80
15729,80
15730,80
15731,80
15732,80
15733,70
15734,70
15735,70
15736,70
15737,70
15738,70
15739,50
15740,50
15741,50
15742,50
15743,50
15744,50
15745,50
15746,50
15747,50
15748,50
15749,50
15750,50
15751,50
15752,50
15753,50
15754,50
15755,50
15756,50
15757,50
15758,50
15759,50
15760,50
15761,50
15762,50
15763,50
15764,50
15765,50
15766,50
15767,50
15768,50
15769,50
15770,50
15771,50
15772,50
15773,50
15774,50
15775,50
15776,50
15777,50
15778,50
15779,50
15780,60
15781,60
15782,60
15783,70
15784,70
15785,70
15786,80
15787,80
15788,80
15789,90
15790,90
15791,90
15792,110
15793,100
15794,100
15795,100
15796,110
15797,110
15798,110
15799,110
15800,110
15801,120
15802,110
15803,110
15804,110
15805,110
15806,110
15807,110
15808,110
15809,120
15810,110
15811,110
15812,110
15813,110
15814,110
15815,110
15816,110
15817,110
15818,110
15819,110
15820,110
15821,110
15822,110
15823,110
15824,110
15825,100
15826,100
15827,110
15828,100
15829,100
15830,100
15831,100
15832,100
15833,100
15834,110
15835,110
15836,110
15837,110
15838,110
15839,130
15840,120
15841,120
15842,130
15843,130
15844,130
15845,140
15846,140
15847,150
15848,140
15849,140
15850,140
15851,140
15852,140
15853,140
15854,140
15855,140
15856,130
15857,130
15858,120
15859,120
15860,120
15861,110
15862,110
15863,100
15864,100
15865,100
15866,90
15867,90
15868,90
15869,90
15870,80
15871,80
15872,80
15873,80
15874,80
15875,80
15876,80
15877,70
15878,70
15879,70
15880,70
15881,70
15882,70
15883,50
15884,50
15885,50
15886,50
15887,50
15888,50
15889,50
15890,50
15891,50
15892,50
15893,50
15894,50
15895,50
15896,50
15897,50
15898,50
15899,50
15900,50
15901,50
15902,50
15903,50
15904,50
15905,50
15906,50
15907,50
15908,50
15909,50
15910,50
15911,50
15912,50
15913,50
15914,50
15915,50
15916,50
15917,50
15918,50
15919,50
15920,50
15921,50
15922,50
15923,50
15924,50
15925,50
15926,60
15927,60
15928,60
15929,70
15930,70
15931,80
15932,100
15933,90
15934,90
15935,90
15936,100
15937,100
15938,100
15939,100
15940,110
15941,110
15942,110
15943,110
15944,110
15945,110
15946,110
15947,110
15948,110
15949,110
15950,110
15951,110
15952,110
15953,110
15954,110
15955,110
15956,110
15957,110
15958,110
15959,110
15960,110
15961,110
15962,110
15963,110
15964,110
15965,110
15966,110
15967,110
15968,110
15969,110
15970,100
15971,100
15972,100
15973,100
15974,100
15975,100
15976,100
15977,100
15978,110
15979,110
15980,110
15981,110
15982,110
15983,120
15984,120
15985,120
15986,130
15987,130
15988,130
15989,140
15990,140
15991,140
15992,140
15993,140
15994,150
15995,150
15996,140
15997,140
15998,150
15999,140
16000,140
16001,130
16002,130
16003,120
16004,120
16005,120
16006,110
16007,110
16008,100
16009,100
16010,100
16011,90
16012,90
16013,90
16014,90
16015,80
16016,80
16017,80
16018,80
16019,80
16020,80
16021,80
16022,70
16023,70
16024,70
16025,70
16026,70
16027,50
16028,50
16029,50
16030,50
16031,50
16032,50
16033,50
16034,50
16035,50
16036,50
16037,50
16038,50
16039,50
16040,50
16041,50
16042,50
16043,50
16044,50
16045,50
16046,50
16047,50
16048,50
16049,50
16050,50
16051,50
16052,50
16053,50
16054,50
16055,50
16056,50
16057,50
16058,50
16059,50
16060,50
16061,50
16062,50
16063,50
16064,50
16065,50
16066,50
16067,50
16068,60
16069,60
16070,60
16071,60
16072,70
16073,70
16074,80
16075,80
16076,90
16077,90
16078,90
16079,100
16080,100
16081,100
16082,110
16083,110
16084,110
16085,110
16086,110
16087,110
16088,110
16089,110
16090,110
16091,110
16092,120
16093,120
16094,120
16095,120
16096,120
16097,120
16098,120
16099,120
16100,110
16101,110
16102,110
16103,110
16104,110
16105,110
16106,110
16107,110
16108,110
16109,110
16110,110
16111,110
16112,110
16113,110
16114,110
16115,110
16116,110
16117,110
16118,110
16119,110
16120,110
16121,110
16122,110
16123,110
16124,110
16125,120
16126,120
16127,120
16128,120
16129,130
16130,150
16131,150
16132,150
16133,140
16134,140
16135,140
16136,150
16137,150
16138,150
16139,160
16140,150
16141,140
16142,140
16143,140
16144,140
16145,130
16146,130
16147,120
16148,120
16149,110
16150,110
16151,110
16152,100
16153,100
16154,100
16155,90
16156,90
16157,90
16158,90
16159,90
16160,80
16161,80
16162,80
16163,80
16164,80
16165,80
16166,80
16167,70
16168,70
16169,70
16170,70
16171,50
16172,50
16173,50
16174,50
16175,50
16176,50
16177,50
16178,50
16179,50
16180,50
16181,50
16182,50
16183,50
16184,50
16185,50
16186,50
16187,50
16188,50
16189,50
16190,50
16191,50
16192,50
16193,50
16194,50
16195,50
16196,50
16197,50
16198,50
16199,50
16200,50
16201,50
16202,50
16203,50
16204,50
16205,50
16206,50
16207,50
16208,50
16209,60
16210,50
16211,60
16212,60
16213,60
16214,60
16215,70
16216,70
16217,80
16218,100
16219,80
16220,90
16221,90
16222,90
16223,100
16224,100
16225,100
16226,100
16227,110
16228,110
16229,110
16230,110
16231,110
16232,110
16233,110
16234,110
16235,110
16236,110
16237,120
16238,110
16239,110
16240,110
16241,110
16242,110
16243,110
16244,110
16245,110
16246,110
16247,110
16248,110
16249,110
16250,110
16251,110
16252,110
16253,110
16254,110
16255,110
16256,110
16257,110
16258,110
16259,100
16260,100
16261,100
16262,100
16263,100
16264,110
16265,110
16266,110
16267,110
16268,110
16269,110
16270,110
16271,120
16272,120
16273,120
16274,130
16275,130
16276,140
16277,140
16278,140
16279,140
16280,150
16281,150
16282,150
16283,150
16284,150
16285,140
16286,140
16287,140
16288,140
16289,130
16290,130
16291,120
16292,120
16293,110
16294,110
16295,110
16296,100
16297,100
16298,100
16299,90
16300,90
16301,90
16302,80
16303,80
16304,80
16305,80
16306,80
16307,80
16308,80
16309,80
16310,70
16311,70
16312,70
16313,70
16314,70
16315,50
16316,50
16317,50
16318,50
16319,50
16320,50
16321,50
16322,50
16323,50
16324,50
16325,50
16326,50
16327,50
16328,50
16329,50
16330,50
16331,50
16332,50
16333,50
16334,50
16335,50
16336,50
16337,50
16338,50
16339,50
16340,50
16341,50
16342,50
16343,50
16344,50
16345,50
16346,50
16347,50
16348,50
16349,50
16350,50
16351,50
16352,50
16353,50
16354,50
16355,50
16356,60
16357,60
16358,60
16359,60
16360,70
16361,70
16362,80
16363,100
16364,90
16365,90
16366,90
16367,100
16368,100
16369,100
16370,110
16371,110
16372,120
16373,120
16374,110
16375,110
16376,110
16377,110
16378,110
16379,120
16380,120
16381,120
16382,120
16383,120
16384,120
16385,120
16386,120
16387,120
16388,110
16389,110
16390,120
16391,110
16392,110
16393,110
16394,110
16395,110
16396,110
16397,110
16398,110
16399,110
16400,110
16401,110
16402,110
16403,110
16404,110
16405,100
16406,100
16407,110
16408,110
16409,110
16410,110
16411,110
16412,110
16413,110
16414,110
16415,120
16416,120
16417,120
16418,130
16419,130
16420,140
16421,140
16422,140
16423,140
16424,150
16425,150
16426,150
16427,150
16428,150
16429,150
16430,140
16431,140
16432,140
16433,130
16434,130
16435,120
16436,120
16437,120
16438,110
16439,110
16440,100
16441,100
16442,100
16443,90
16444,90
16445,90
16446,90
16447,80
16448,80
16449,80
16450,80
16451,80
16452,80
16453,80
16454,70
16455,70
16456,70
16457,70
16458,70
16459,50
16460,50
16461,50
16462,50
16463,50
16464,50
16465,50
16466,50
16467,50
16468,50
16469,50
16470,50
16471,50
16472,50
16473,50
16474,50
16475,50
16476,50
16477,50
16478,50
16479,50
16480,50
16481,50
16482,50
16483,50
16484,50
16485,50
16486,50
16487,50
16488,50
16489,50
16490,50
16491,50
16492,50
16493,50
16494,50
16495,50
16496,50
16497,50
16498,50
16499,50
16500,60
16501,60
16502,60
16503,60
16504,70
16505,90
16506,80
16507,80
16508,90
16509,90
16510,110
16511,100
16512,100
16513,100
16514,110
16515,110
16516,110
16517,110
16518,120
16519,110
16520,110
16521,110
16522,120
16523,120
16524,120
16525,120
16526,120
16527,120
16528,120
16529,120
16530,120
16531,120
16532,120
16533,110
16534,110
16535,120
16536,110
16537,110
16538,110
16539,110
16540,110
16541,110
16542,110
16543,110
16544,110
16545,110
16546,110
16547,110
16548,110
16549,110
16550,110
16551,110
16552,110
16553,110
16554,110
16555,110
16556,110
16557,110
16558,120
16559,120
16560,120
16561,130
16562,130
16563,140
16564,140
16565,140
16566,150
16567,150
16568,150
16569,150
16570,150
16571,150
16572,160
16573,150
16574,140
16575,140
16576,140
16577,130
16578,130
16579,120
16580,120
16581,110
16582,110
16583,110
16584,100
16585,100
16586,90
16587,90
16588,90
16589,90
16590,80
16591,80
16592,80
16593,80
16594,80
16595,80
16596,80
16597,80
16598,70
16599,70
16600,70
16601,70
16602,70
16603,50
16604,50
16605,50
16606,50
16607,50
16608,50
16609,50
16610,50
16611,50
16612,50
16613,50
16614,50
16615,50
16616,50
16617,50
16618,50
16619,50
16620,50
16621,50
16622,50
16623,50
16624,50
16625,50
16626,50
16627,50
16628,50
16629,50
16630,50
16631,50
16632,50
16633,50
16634,50
16635,50
16636,50
16637,50
16638,50
16639,50
16640,50
16641,50
16642,70
16643,60
16644,60
16645,60
16646,60
16647,70
16648,70
16649,80
16650,80
16651,90
16652,90
16653,90
16654,100
16655,100
16656,100
16657,110
16658,110
16659,110
16660,110
16661,110
16662,110
16663,110
16664,110
16665,120
16666,120
16667,120
16668,120
16669,120
16670,120
16671,120
16672,120
16673,120
16674,120
16675,120
16676,120
16677,120
16678,110
16679,110
16680,110
16681,110
16682,110
16683,110
16684,110
16685,110
16686,110
16687,110
16688,110
16689,110
16690,110
16691,110
16692,110
16693,110
16694,110
16695,110
16696,120
16697,110
16698,110
16699,110
16700,120
16701,120
16702,120
16703,120
16704,130
16705,150
16706,140
16707,140
16708,140
16709,150
16710,150
16711,150
16712,150
16713,150
16714,160
16715,150
16716,150
16717,150
16718,140
16719,140
16720,140
16721,130
16722,130
16723,120
16724,110
16725,110
16726,110
16727,100
16728,100
16729,90
16730,90
16731,90
16732,90
16733,80
16734,80
16735,80
16736,80
16737,80
16738,80
16739,80
16740,80
16741,80
16742,70
16743,70
16744,80
16745,70
16746,70
16747,50
16748,50
16749,50
16750,50
16751,50
16752,50
16753,50
16754,50
16755,50
16756,50
16757,50
16758,50
16759,50
16760,50
16761,50
16762,50
16763,50
16764,50
16765,50
16766,50
16767,50
16768,50
16769,50
16770,50
16771,50
16772,50
16773,50
16774,50
16775,50
16776,50
16777,50
16778,50
16779,50
16780,50
16781,50
16782,50
16783,50
16784,50
16785,50
16786,60
16787,60
16788,60
16789,60
16790,70
16791,70
16792,80
16793,80
16794,80
16795,90
16796,90
16797,100
16798,100
16799,100
16800,100
16801,110
16802,110
16803,110
16804,110
16805,110
16806,110
16807,110
16808,120
16809,120
16810,120
16811,120
16812,120
16813,120
16814,120
16815,120
16816,120
16817,120
16818,120
16819,120
16820,120
16821,120
16822,120
16823,110
16824,110
16825,120
16826,110
16827,120
16828,110
16829,110
16830,110
16831,110
16832,110
16833,110
16834,110
16835,110
16836,110
16837,110
16838,110
16839,110
16840,110
16841,110
16842,110
16843,110
16844,120
16845,120
16846,120
16847,130
16848,130
16849,130
16850,140
16851,140
16852,150
16853,150
16854,150
16855,150
16856,160
16857,150
16858,150
16859,150
16860,150
16861,150
16862,140
16863,140
16864,140
16865,130
16866,130
16867,120
16868,120
16869,110
16870,110
16871,100
16872,100
16873,100
16874,90
16875,90
16876,90
16877,90
16878,80
16879,80
16880,80
16881,80
16882,80
16883,80
16884,80
16885,80
16886,70
16887,70
16888,70
16889,70
16890,70
16891,50
16892,50
16893,50
16894,50
16895,50
16896,50
16897,50
16898,50
16899,50
16900,50
16901,50
16902,50
16903,50
16904,50
16905,50
16906,50
16907,50
16908,50
16909,50
16910,50
16911,50
16912,50
16913,50
16914,50
16915,50
16916,50
16917,50
16918,50
16919,50
16920,50
16921,50
16922,50
16923,50
16924,50
16925,50
16926,50
16927,50
16928,50
16929,60
16930,60
16931,60
16932,60
16933,70
16934,70
16935,80
16936,80
16937,80
16938,90
16939,90
16940,110
16941,100
16942,100
16943,100
16944,110
16945,110
16946,110
16947,110
16948,110
16949,110
16950,110
16951,120
16952,120
16953,120
16954,120
16955,120
16956,120
16957,120
16958,120
16959,120
16960,120
16961,120
16962,120
16963,120
16964,120
16965,120
16966,120
16967,120
16968,110
16969,110
16970,110
16971,110
16972,110
16973,110
16974,110
16975,110
16976,110
16977,110
16978,110
16979,110
16980,110
16981,110
16982,110
16983,110
16984,110
16985,110
16986,110
16987,120
16988,120
16989,120
16990,120
16991,130
16992,130
16993,130
16994,140
16995,140
16996,150
16997,150
16998,150
16999,150
17000,150
17001,150
17002,150
17003,150
17004,150
17005,150
17006,140
17007,140
17008,140
17009,130
17010,130
17011,120
17012,120
17013,110
17014,110
17015,100
17016,100
17017,100
17018,90
17019,90
17020,90
17021,90
17022,80
17023,80
17024,80
17025,80
17026,80
17027,80
17028,80
17029,80
17030,80
17031,70
17032,70
17033,70
17034,70
17035,50
17036,50
17037,50
17038,50
17039,50
17040,50
17041,50
17042,50
17043,50
17044,50
17045,50
17046,50
17047,50
17048,50
17049,50
17050,50
17051,50
17052,50
17053,50
17054,50
17055,50
17056,50
17057,50
17058,50
17059,50
17060,50
17061,50
17062,50
17063,50
17064,50
17065,50
17066,50
17067,50
17068,50
17069,50
17070,50
17071,60
17072,50
17073,50
17074,60
17075,60
17076,60
17077,90
17078,70
17079,70
17080,80
17081,80
17082,90
17083,90
17084,110
17085,100
17086,100
17087,100
17088,100
17089,110
17090,110
17091,110
17092,110
17093,120
17094,110
17095,110
17096,120
17097,120
17098,120
17099,120
17100,120
17101,120
17102,120
17103,120
17104,120
17105,120
17106,120
17107,120
17108,120
17109,120
17110,130
17111,120
17112,120
17113,120
17114,110
17115,110
17116,110
17117,110
17118,110
17119,110
17120,110
17121,110
17122,110
17123,110
17124,110
17125,110
17126,110
17127,110
17128,110
17129,140
17130,140
17131,160
17132,150
17133,150
17134,160
17135,160
17136,170
17137,180
17138,170
17139,170
17140,170
17141,180
17142,180
17143,160
17144,160
17145,170
17146,170
17147,170
17148,160
17149,150
17150,150
17151,140
17152,130
17153,130
17154,130
17155,120
17156,120
17157,110
17158,110
17159,100
17160,100
17161,100
17162,90
17163,90
17164,90
17165,90
17166,90
17167,90
17168,80
17169,80
17170,80
17171,80
17172,80
17173,80
17174,80
17175,70
17176,70
17177,70
17178,70
17179,50
17180,50
17181,50
17182,50
17183,50
17184,50
17185,50
17186,50
17187,50
17188,50
17189,50
17190,50
17191,50
17192,50
17193,50
17194,50
17195,50
17196,50
17197,50
17198,50
17199,50
17200,50
17201,50
17202,50
17203,50
17204,50
17205,50
17206,50
17207,50
17208,50
17209,50
17210,50
17211,50
17212,50
17213,50
17214,60
17215,50
17216,50
17217,60
17218,70
17219,60
17220,60
17221,80
17222,70
17223,70
17224,80
17225,80
17226,80
17227,90
17228,90
17229,90
17230,100
17231,100
17232,100
17233,110
17234,110
17235,110
17236,110
17237,110
17238,110
17239,110
17240,110
17241,110
17242,110
17243,120
17244,120
17245,120
17246,120
17247,120
17248,120
17249,120
17250,120
17251,120
17252,110
17253,110
17254,110
17255,110
17256,110
17257,110
17258,110
17259,110
17260,110
17261,110
17262,110
17263,110
17264,110
17265,110
17266,110
17267,110
17268,110
17269,110
17270,110
17271,110
17272,110
17273,110
17274,110
17275,110
17276,120
17277,120
17278,120
17279,130
17280,130
17281,130
17282,140
17283,140
17284,140
17285,150
17286,150
17287,150
17288,150
17289,150
17290,150
17291,150
17292,150
17293,140
17294,140
17295,140
17296,130
17297,130
17298,120
17299,120
17300,110
17301,110
17302,100
17303,100
17304,100
17305,90
17306,90
17307,90
17308,90
17309,80
17310,80
17311,80
17312,80
17313,80
17314,80
17315,80
17316,80
17317,80
17318,70
17319,70
17320,70
17321,70
17322,70
17323,50
17324,50
17325,50
17326,50
17327,50
17328,50
17329,50
17330,50
17331,50
17332,50
17333,50
17334,50
17335,50
17336,50
17337,50
17338,50
17339,50
17340,50
17341,50
17342,50
17343,50
17344,50
17345,50
17346,50
17347,50
17348,50
17349,50
17350,50
17351,50
17352,50
17353,50
17354,50
17355,50
17356,50
17357,50
17358,60
17359,50
17360,50
17361,60
17362,60
17363,60
17364,70
17365,70
17366,70
17367,80
17368,80
17369,80
17370,90
17371,90
17372,90
17373,100
17374,100
17375,100
17376,100
17377,110
17378,110
17379,110
17380,110
17381,110
17382,110
17383,110
17384,120
17385,120
17386,120
17387,120
17388,120
17389,120
17390,120
17391,120
17392,120
17393,120
17394,120
17395,120
17396,120
17397,120
17398,110
17399,110
17400,110
17401,110
17402,110
17403,110
17404,110
17405,110
17406,110
17407,110
17408,110
17409,110
17410,110
17411,110
17412,110
17413,110
17414,110
17415,110
17416,110
17417,110
17418,110
17419,120
17420,120
17421,120
17422,130
17423,130
17424,130
17425,140
17426,140
17427,140
17428,150
17429,150
17430,150
17431,150
17432,150
17433,150
17434,150
17435,150
17436,140
17437,140
17438,140
17439,130
17440,130
17441,120
17442,120
17443,110
17444,110
17445,110
17446,100
17447,100
17448,100
17449,90
17450,90
17451,90
17452,90
17453,80
17454,80
17455,80
17456,80
17457,80
17458,80
17459,80
17460,80
17461,70
17462,70
17463,70
17464,70
17465,70
17466,70
17467,50
17468,50
17469,50
17470,50
17471,50
17472,50
17473,50
17474,50
17475,50
17476,50
17477,50
17478,50
17479,50
17480,50
17481,50
17482,50
17483,50
17484,50
17485,50
17486,50
17487,50
17488,50
17489,50
17490,50
17491,50
17492,50
17493,50
17494,50
17495,50
17496,50
17497,50
17498,50
17499,50
17500,50
17501,50
17502,50
17503,60
17504,50
17505,50
17506,60
17507,60
17508,70
17509,70
17510,80
17511,80
17512,100
17513,90
17514,90
17515,90
17516,90
17517,100
17518,100
17519,100
17520,100
17521,100
17522,110
17523,110
17524,110
17525,110
17526,110
17527,110
17528,110
17529,120
17530,120
17531,120
17532,120
17533,120
17534,120
17535,120
17536,120
17537,120
17538,120
17539,120
17540,110
17541,120
17542,110
17543,110
17544,110
17545,110
17546,110
17547,110
17548,110
17549,110
17550,110
17551,110
17552,110
17553,110
17554,110
17555,110
17556,110
17557,110
17558,110
17559,110
17560,110
17561,110
17562,120
17563,120
17564,120
17565,130
17566,130
17567,130
17568,140
17569,140
17570,140
17571,150
17572,150
17573,150
17574,150
17575,150
17576,150
17577,150
17578,150
17579,150
17580,140
17581,140
17582,140
17583,130
17584,130
17585,120
17586,120
17587,110
17588,110
17589,110
17590,100
17591,100
17592,90
17593,90
17594,90
17595,90
17596,90
17597,80
17598,80
17599,80
17600,80
17601,80
17602,80
17603,80
17604,70
17605,70
17606,70
17607,70
17608,70
17609,70
17610,70
17611,50
17612,50
17613,50
17614,50
17615,50
17616,50
17617,50
17618,50
17619,50
17620,50
17621,50
17622,50
17623,50
17624,50
17625,50
17626,50
17627,50
17628,50
17629,50
17630,50
17631,50
17632,50
17633,50
17634,50
17635,50
17636,50
17637,50
17638,50
17639,50
17640,50
17641,50
17642,50
17643,50
17644,50
17645,50
17646,50
17647,50
17648,50
17649,50
17650,60
17651,60
17652,60
17653,60
17654,70
17655,70
17656,80
17657,80
17658,80
17659,100
17660,120
17661,120
17662,120
17663,120
17664,120
17665,120
17666,120
17667,120
17668,120
17669,120
17670,120
17671,120
17672,120
17673,120
17674,120
17675,120
17676,120
17677,120
17678,120
17679,120
17680,120
17681,120
17682,120
17683,120
17684,120
17685,120
17686,110
17687,110
17688,110
17689,110
17690,110
17691,110
17692,110
17693,110
17694,110
17695,110
17696,110
17697,110
17698,110
17699,110
17700,110
17701,110
17702,110
17703,110
17704,110
17705,110
17706,110
17707,110
17708,120
17709,120
17710,120
17711,130
17712,130
17713,130
17714,140
17715,140
17716,140
17717,150
17718,150
17719,150
17720,150
17721,150
17722,150
17723,150
17724,150
17725,140
17726,140
17727,140
17728,130
17729,130
17730,130
17731,120
17732,120
17733,110
17734,110
17735,100
17736,100
17737,90
17738,90
17739,90
17740,90
17741,80
17742,80
17743,80
17744,80
17745,80
17746,80
17747,80
17748,80
17749,70
17750,70
17751,70
17752,70
17753,70
17754,70
17755,50
17756,50
17757,50
17758,50
17759,50
17760,50
17761,50
17762,50
17763,50
17764,50
17765,50
17766,50
17767,50
17768,50
17769,50
17770,50
17771,50
17772,50
17773,50
17774,50
17775,50
17776,50
17777,50
17778,50
17779,50
17780,50
17781,50
17782,50
17783,50
17784,50
17785,50
17786,50
17787,50
17788,50
17789,50
17790,50
17791,50
17792,50
17793,50
17794,50
17795,60
17796,60
17797,60
17798,70
17799,70
17800,70
17801,80
17802,80
17803,80
17804,90
17805,90
17806,90
17807,100
17808,100
17809,100
17810,100
17811,110
17812,110
17813,110
17814,110
17815,110
17816,110
17817,110
17818,110
17819,110
17820,110
17821,110
17822,110
17823,110
17824,110
17825,110
17826,110
17827,110
17828,110
17829,110
17830,110
17831,110
17832,110
17833,110
17834,110
17835,110
17836,110
17837,110
17838,110
17839,110
17840,110
17841,110
17842,100
17843,100
17844,100
17845,100
17846,100
17847,100
17848,110
17849,110
17850,110
17851,110
17852,110
17853,110
17854,120
17855,120
17856,120
17857,130
17858,130
17859,130
17860,140
17861,140
17862,160
17863,140
17864,160
17865,150
17866,150
17867,140
17868,140
17869,140
17870,140
17871,140
17872,130
17873,130
17874,120
17875,120
17876,120
17877,110
17878,110
17879,100
17880,100
17881,100
17882,90
17883,90
17884,90
17885,90
17886,80
17887,80
17888,80
17889,80
17890,80
17891,80
17892,80
17893,70
17894,70
17895,70
17896,70
17897,70
17898,70
17899,50
17900,50
17901,50
17902,50
17903,50
17904,50
17905,50
17906,50
17907,50
17908,50
17909,50
17910,50
17911,50
17912,50
17913,50
17914,50
17915,50
17916,50
17917,50
17918,50
17919,50
17920,50
17921,50
17922,50
17923,50
17924,50
17925,50
17926,50
17927,50
17928,50
17929,50
17930,50
17931,50
17932,50
17933,50
17934,50
17935,50
17936,50
17937,50
17938,50
17939,50
17940,60
17941,60
17942,60
17943,70
17944,70
17945,70
17946,80
17947,80
17948,90
17949,90
17950,90
17951,100
17952,110
17953,100
17954,100
17955,100
17956,110
17957,110
17958,110
17959,110
17960,110
17961,120
17962,110
17963,120
17964,110
17965,110
17966,120
17967,110
17968,120
17969,110
17970,110
17971,120
17972,110
17973,110
17974,110
17975,110
17976,110
17977,110
17978,110
17979,110
17980,110
17981,110
17982,110
17983,110
17984,110
17985,110
17986,110
17987,100
17988,110
17989,100
17990,100
17991,100
17992,100
17993,130
17994,130
17995,130
17996,160
17997,140
17998,150
17999,150
18000,170
18001,160
18002,160
18003,160
18004,160
18005,180
18006,170
18007,140
18008,160
18009,140
18010,170
18011,160
18012,150
18013,150
18014,140
18015,140
18016,130
18017,130
18018,120
18019,120
18020,120
18021,110
18022,110
18023,100
18024,100
18025,90
18026,90
18027,90
18028,90
18029,90
18030,90
18031,80
18032,80
18033,80
18034,80
18035,80
18036,80
18037,80
18038,70
18039,70
18040,70
18041,70
18042,70
18043,50
18044,50
18045,50
18046,50
18047,50
18048,50
18049,50
18050,50
18051,50
18052,50
18053,50
18054,50
18055,50
18056,50
18057,50
18058,50
18059,50
18060,50
18061,50
18062,50
18063,50
18064,50
18065,50
18066,50
18067,50
18068,50
18069,50
18070,50
18071,50
18072,50
18073,50
18074,50
18075,50
18076,50
18077,50
18078,50
18079,50
18080,50
18081,50
18082,50
18083,50
18084,60
18085,60
18086,60
18087,70
18088,70
18089,80
18090,80
18091,80
18092,90
18093,90
18094,90
18095,100
18096,100
18097,100
18098,100
18099,100
18100,110
18101,110
18102,120
18103,120
18104,120
18105,120
18106,120
18107,120
18108,120
18109,120
18110,120
18111,110
18112,110
18113,110
18114,110
18115,110
18116,110
18117,110
18118,110
18119,110
18120,110
18121,110
18122,110
18123,110
18124,110
18125,110
18126,110
18127,110
18128,110
18129,110
18130,110
18131,100
18132,100
18133,100
18134,100
18135,100
18136,110
18137,110
18138,110
18139,110
18140,110
18141,110
18142,120
18143,120
18144,120
18145,130
18146,130
18147,130
18148,140
18149,140
18150,140
18151,140
18152,150
18153,150
18154,150
18155,150
18156,150
18157,140
18158,140
18159,140
18160,130
18161,130
18162,130
18163,120
18164,120
18165,110
18166,110
18167,100
18168,100
18169,100
18170,90
18171,90
18172,90
18173,90
18174,90
18175,80
18176,80
18177,80
18178,80
18179,80
18180,80
18181,80
18182,80
18183,70
18184,80
18185,70
18186,70
18187,50
18188,50
18189,50
18190,50
18191,50
18192,50
18193,50
18194,50
18195,50
18196,50
18197,50
18198,50
18199,50
18200,50
18201,50
18202,50
18203,50
18204,50
18205,50
18206,50
18207,50
18208,50
18209,50
18210,50
18211,50
18212,50
18213,50
18214,50
18215,50
18216,50
18217,50
18218,50
18219,50
18220,50
18221,50
18222,50
18223,50
18224,50
18225,50
18226,50
18227,50
18228,60
18229,60
18230,60
18231,70
18232,70
18233,70
18234,80
18235,80
18236,90
18237,90
18238,90
18239,100
18240,100
18241,100
18242,100
18243,110
18244,110
18245,110
18246,110
18247,110
18248,110
18249,110
18250,110
18251,120
18252,120
18253,120
18254,120
18255,120
18256,120
18257,120
18258,120
18259,120
18260,120
18261,110
18262,110
18263,110
18264,110
18265,110
18266,110
18267,110
18268,110
18269,110
18270,110
18271,110
18272,110
18273,110
18274,110
18275,110
18276,110
18277,110
18278,110
18279,110
18280,110
18281,110
18282,110
18283,110
18284,110
18285,120
18286,120
18287,120
18288,130
18289,130
18290,130
18291,140
18292,140
18293,140
18294,150
18295,150
18296,150
18297,150
18298,150
18299,150
18300,150
18301,140
18302,140
18303,140
18304,140
18305,130
18306,130
18307,120
18308,120
18309,110
18310,110
18311,100
18312,100
18313,100
18314,90
18315,90
18316,90
18317,90
18318,80
18319,80
18320,80
18321,80
18322,80
18323,80
18324,80
18325,70
18326,70
18327,70
18328,70
18329,70
18330,70
18331,50
18332,50
18333,50
18334,50
18335,50
18336,50
18337,50
18338,50
18339,50
18340,50
18341,50
18342,50
18343,50
18344,50
18345,50
18346,50
18347,50
18348,50
18349,50
18350,50
18351,50
18352,50
18353,50
18354,50
18355,50
18356,50
18357,50
18358,50
18359,50
18360,50
18361,50
18362,50
18363,50
18364,50
18365,60
18366,50
18367,50
18368,50
18369,50
18370,60
18371,60
18372,60
18373,70
18374,70
18375,70
18376,80
18377,80
18378,100
18379,90
18380,90
18381,90
18382,100
18383,100
18384,100
18385,100
18386,110
18387,110
18388,110
18389,110
18390,110
18391,110
18392,110
18393,110
18394,110
18395,110
18396,120
18397,120
18398,120
18399,120
18400,120
18401,120
18402,120
18403,110
18404,110
18405,110
18406,110
18407,110
18408,110
18409,110
18410,110
18411,110
18412,110
18413,110
18414,110
18415,110
18416,110
18417,110
18418,110
18419,110
18420,110
18421,110
18422,110
18423,110
18424,110
18425,110
18426,110
18427,110
18428,110
18429,120
18430,120
18431,120
18432,130
18433,130
18434,130
18435,140
18436,140
18437,140
18438,150
18439,150
18440,160
18441,160
18442,160
18443,150
18444,150
18445,140
18446,140
18447,130
18448,120
18449,120
18450,110
18451,110
18452,110
18453,100
18454,100
18455,100
18456,90
18457,90
18458,90
18459,90
18460,80
18461,80
18462,80
18463,80
18464,80
18465,80
18466,80
18467,80
18468,70
18469,70
18470,70
18471,70
18472,70
18473,70
18474,70
18475,50
18476,50
18477,50
18478,50
18479,50
18480,50
18481,50
18482,50
18483,50
18484,50
18485,50
18486,50
18487,50
18488,50
18489,50
18490,50
18491,50
18492,50
18493,50
18494,50
18495,50
18496,50
18497,50
18498,50
18499,50
18500,50
18501,50
18502,50
18503,50
18504,50
18505,50
18506,50
18507,50
18508,50
18509,50
18510,50
18511,50
18512,50
18513,50
18514,60
18515,60
18516,60
18517,70
18518,70
18519,70
18520,80
18521,80
18522,90
18523,90
18524,90
18525,90
18526,100
18527,100
18528,100
18529,100
18530,110
18531,110
18532,110
18533,110
18534,110
18535,110
18536,110
18537,110
18538,120
18539,120
18540,120
18541,120
18542,120
18543,120
18544,120
18545,120
18546,110
18547,110
18548,110
18549,110
18550,110
18551,110
18552,110
18553,110
18554,110
18555,110
18556,110
18557,110
18558,110
18559,110
18560,110
18561,110
18562,110
18563,110
18564,110
18565,110
18566,110
18567,110
18568,110
18569,110
18570,110
18571,110
18572,110
18573,120
18574,120
18575,120
18576,140
18577,130
18578,130
18579,140
18580,140
18581,140
18582,150
18583,150
18584,150
18585,150
18586,150
18587,150
18588,150
18589,140
18590,140
18591,140
18592,130
18593,130
18594,130
18595,120
18596,120
18597,110
18598,110
18599,100
18600,100
18601,90
18602,90
18603,90
18604,90
18605,80
18606,80
18607,80
18608,80
18609,80
18610,80
18611,80
18612,80
18613,80
18614,70
18615,70
18616,70
18617,70
18618,70
18619,50
18620,50
18621,50
18622,50
18623,50
18624,50
18625,50
18626,50
18627,50
18628,50
18629,50
18630,50
18631,50
18632,50
18633,50
18634,50
18635,50
18636,50
18637,50
18638,50
18639,50
18640,50
18641,50
18642,50
18643,50
18644,50
18645,50
18646,50
18647,50
18648,50
18649,50
18650,50
18651,50
18652,50
18653,50
18654,50
18655,50
18656,50
18657,50
18658,70
18659,110
18660,90
18661,100
18662,100
18663,100
18664,120
18665,80
18666,80
18667,90
18668,110
18669,110
18670,120
18671,120
18672,120
18673,120
18674,120
18675,120
18676,120
18677,120
18678,120
18679,120
18680,120
18681,120
18682,120
18683,120
18684,120
18685,120
18686,120
18687,120
18688,120
18689,120
18690,120
18691,120
18692,120
18693,120
18694,120
18695,110
18696,110
18697,110
18698,110
18699,110
18700,110
18701,110
18702,110
18703,110
18704,110
18705,110
18706,110
18707,110
18708,100
18709,100
18710,100
18711,110
18712,110
18713,110
18714,110
18715,110
18716,110
18717,110
18718,120
18719,120
18720,120
18721,130
18722,130
18723,130
18724,140
18725,140
18726,140
18727,160
18728,150
18729,150
18730,150
18731,150
18732,150
18733,150
18734,140
18735,140
18736,140
18737,130
18738,130
18739,120
18740,120
18741,110
18742,110
18743,110
18744,100
18745,100
18746,90
18747,90
18748,90
18749,90
18750,80
18751,80
18752,80
18753,80
18754,80
18755,80
18756,80
18757,80
18758,70
18759,70
18760,70
18761,70
18762,70
18763,50
18764,50
18765,50
18766,50
18767,50
18768,50
18769,50
18770,50
18771,50
18772,50
18773,50
18774,50
18775,50
18776,50
18777,50
18778,50
18779,50
18780,50
18781,50
18782,50
18783,50
18784,50
18785,50
18786,50
18787,50
18788,50
18789,50
18790,50
18791,50
18792,50
18793,50
18794,50
18795,50
18796,50
18797,50
18798,50
18799,50
18800,50
18801,50
18802,60
18803,60
18804,60
18805,60
18806,70
18807,70
18808,80
18809,80
18810,80
18811,90
18812,110
18813,100
18814,100
18815,100
18816,100
18817,110
18818,110
18819,110
18820,110
18821,110
18822,110
18823,110
18824,110
18825,110
18826,120
18827,120
18828,120
18829,120
18830,120
18831,120
18832,120
18833,120
18834,120
18835,120
18836,120
18837,120
18838,110
18839,110
18840,110
18841,110
18842,120
18843,110
18844,110
18845,110
18846,110
18847,110
18848,110
18849,110
18850,110
18851,110
18852,110
18853,110
18854,110
18855,110
18856,120
18857,110
18858,110
18859,110
18860,110
18861,130
18862,120
18863,120
18864,130
18865,130
18866,130
18867,140
18868,140
18869,160
18870,150
18871,150
18872,150
18873,160
18874,150
18875,150
18876,160
18877,150
18878,150
18879,140
18880,140
18881,130
18882,130
18883,120
18884,120
18885,110
18886,110
18887,100
18888,100
18889,100
18890,90
18891,90
18892,90
18893,90
18894,90
18895,80
18896,80
18897,80
18898,80
18899,80
18900,80
18901,80
18902,80
18903,80
18904,70
18905,70
18906,70
18907,50
18908,50
18909,50
18910,50
18911,50
18912,50
18913,50
18914,50
18915,50
18916,50
18917,50
18918,50
18919,50
18920,50
18921,50
18922,50
18923,50
18924,50
18925,50
18926,50
18927,50
18928,50
18929,50
18930,50
18931,50
18932,50
18933,50
18934,50
18935,50
18936,50
18937,50
18938,50
18939,50
18940,50
18941,50
18942,50
18943,50
18944,60
18945,60
18946,60
18947,60
18948,70
18949,70
18950,70
18951,80
18952,80
18953,80
18954,90
18955,100
18956,90
18957,100
18958,100
18959,100
18960,100
18961,100
18962,110
18963,110
18964,110
18965,110
18966,110
18967,110
18968,110
18969,110
18970,110
18971,110
18972,120
18973,120
18974,120
18975,120
18976,120
18977,120
18978,110
18979,110
18980,110
18981,110
18982,110
18983,110
18984,110
18985,110
18986,110
18987,110
18988,110
18989,110
18990,110
18991,110
18992,110
18993,110
18994,110
18995,110
18996,100
18997,110
18998,110
18999,110
19000,110
19001,110
19002,110
19003,120
19004,120
19005,120
19006,120
19007,130
19008,130
19009,130
19010,140
19011,140
19012,140
19013,150
19014,150
19015,150
19016,150
19017,150
19018,150
19019,150
19020,150
19021,140
19022,140
19023,130
19024,130
19025,120
19026,120
19027,120
19028,110
19029,110
19030,100
19031,100
19032,90
19033,90
19034,90
19035,90
19036,90
19037,90
19038,80
19039,80
19040,80
19041,80
19042,80
19043,80
19044,80
19045,70
19046,70
19047,70
19048,70
19049,70
19050,70
19051,50
19052,50
19053,50
19054,50
19055,50
19056,50
19057,50
19058,50
19059,50
19060,50
19061,50
19062,50
19063,50
19064,50
19065,50
19066,50
19067,50
19068,50
19069,50
19070,50
19071,50
19072,50
19073,50
19074,50
19075,50
19076,50
19077,50
19078,50
19079,50
19080,50
19081,50
19082,50
19083,50
19084,50
19085,50
19086,50
19087,50
19088,50
19089,70
19090,50
19091,60
19092,60
19093,60
19094,70
19095,70
19096,70
19097,80
19098,100
19099,80
19100,90
19101,90
19102,90
19103,100
19104,100
19105,100
19106,100
19107,110
19108,110
19109,110
19110,110
19111,110
19112,110
19113,110
19114,110
19115,110
19116,110
19117,120
19118,110
19119,110
19120,110
19121,110
19122,110
19123,110
19124,110
19125,110
19126,120
19127,110
19128,110
19129,110
19130,110
19131,110
19132,110
19133,110
19134,110
19135,110
19136,110
19137,110
19138,110
19139,110
19140,100
19141,100
19142,100
19143,110
19144,110
19145,110
19146,110
19147,110
19148,110
19149,110
19150,120
19151,120
19152,120
19153,130
19154,130
19155,130
19156,140
19157,140
19158,140
19159,140
19160,150
19161,150
19162,150
19163,150
19164,150
19165,140
19166,140
19167,140
19168,130
19169,130
19170,130
19171,120
19172,120
19173,110
19174,110
19175,110
19176,100
19177,100
19178,100
19179,90
19180,90
19181,90
19182,90
19183,90
19184,80
19185,90
19186,80
19187,80
19188,80
19189,80
19190,70
19191,70
19192,70
19193,70
19194,70
19195,50
19196,50
19197,50
19198,50
19199,50
19200,50
19201,50
19202,50
19203,50
19204,50
19205,50
19206,50
19207,50
19208,50
19209,50
19210,50
19211,50
19212,50
19213,50
19214,50
19215,50
19216,50
19217,50
19218,50
19219,50
19220,50
19221,50
19222,50
19223,50
19224,50
19225,50
19226,50
19227,50
19228,50
19229,50
19230,50
19231,50
19232,50
19233,50
19234,50
19235,60
19236,60
19237,60
19238,100
19239,100
19240,100
19241,80
19242,80
19243,80
19244,90
19245,90
19246,90
19247,100
19248,100
19249,100
19250,100
19251,100
19252,110
19253,110
19254,110
19255,110
19256,110
19257,110
19258,110
19259,110
19260,110
19261,110
19262,110
19263,110
19264,110
19265,110
19266,110
19267,110
19268,110
19269,110
19270,110
19271,110
19272,110
19273,110
19274,110
19275,110
19276,110
19277,110
19278,110
19279,110
19280,110
19281,110
19282,110
19283,100
19284,100
19285,100
19286,100
19287,110
19288,140
19289,130
19290,140
19291,140
19292,140
19293,150
19294,170
19295,150
19296,160
19297,160
19298,160
19299,180
19300,170
19301,170
19302,170
19303,160
19304,150
19305,150
19306,150
19307,150
19308,140
19309,140
19310,140
19311,140
19312,130
19313,130
19314,120
19315,120
19316,110
19317,110
19318,110
19319,100
19320,100
19321,90
19322,90
19323,90
19324,90
19325,90
19326,90
19327,90
19328,80
19329,80
19330,80
19331,80
19332,80
19333,80
19334,70
19335,70
19336,70
19337,70
19338,70
19339,50
19340,50
19341,50
19342,50
19343,50
19344,50
19345,50
19346,50
19347,50
19348,50
19349,50
19350,50
19351,50
19352,50
19353,50
19354,50
19355,50
19356,50
19357,50
19358,50
19359,50
19360,50
19361,50
19362,50
19363,50
19364,50
19365,50
19366,50
19367,50
19368,50
19369,50
19370,50
19371,50
19372,50
19373,50
19374,50
19375,50
